Job Class,Percentage,Get Started
Management,6.1,https://www.indeed.com/career-advice/finding-a-job/how-to-get-hired-manager-no-experience
Business and Financial operations,5,https://careercloud.com/how-to-get-a-job-in-business/
Computer and Mathematical,2.7,https://www.indeed.com/career-advice/finding-a-job/how-to-get-a-tech-job
Architecture and Engineering,1.7,https://newschoolarch.edu/tips-for-searching-for-a-job-in-architecture-and-design/
"Life, Physical and Social Science",0.9,https://www.indeed.com/career-advice/finding-a-job/how-to-get-jobs-in-science-industry
Community and Social Service,1.6,https://www.indeed.com/career-advice/finding-a-job/how-to-find-social-worker-jobs
Legal,0.8,https://www.indeed.com/career-advice/finding-a-job/how-to-get-job-in-law-firm
"Education, training and library",6.1,https://www.indeed.com/career-advice/finding-a-job/how-to-get-teaching-job
"Arts, design, entertainment, sports and media",1.7,https://www.indeed.com/career-advice/finding-a-job/how-to-find-art-jobs
Healthcare practioners and technical,5.5,https://www.indeed.com/career-advice/finding-a-job/how-to-become-a-healthcare-practitioner
Healthcare support,2.8,https://www.indeed.com/career-advice/finding-a-job/health-care-support-jobs
Protective service,2.3,https://www.ziprecruiter.com/career/Protective-Services-Officer/What-Is-How-to-Become
Food preparation and serving,8.3,https://www.bls.gov/ooh/food-preparation-and-serving/food-preparation-workers.htm
Building and grounds cleaning and maintenance,3.7,https://www.ziprecruiter.com/career/Building-Maintenance-Worker/What-Is-How-to-Become
Personal care and service,4,https://www.indeed.com/career-advice/finding-a-job/how-to-become-personal-care-assistant
Sales,10.2,https://www.indeed.com/career-advice/finding-a-job/how-to-get-sales-job
Office and administrative support,15.1,https://www.ziprecruiter.com/career/Office-Support/What-Is-How-to-Become
"Farming, fishing and forestry",0.6,https://farmingwork.com/resources/how-to-get-a-farm-job-with-no-experience/
Construction and extraction,4.3,https://www.indeed.com/career-advice/finding-a-job/construction-job-with-no-experience
"Installation, maintenance and repair",3.8,https://www.ziprecruiter.com/career/Installation-Technician/What-Is-How-to-Become
Production,6.1,https://www.backstage.com/magazine/article/crew-101-first-production-job-70414/
Transportation and material moving,6.5,https://www.indeed.com/career-advice/finding-a-job/careers-in-transportation
Total,99.8,https://www.coursera.org/articles/how-to-get-a-job
